Nome,"Kauany"
Mecânica1,170.138825951
Mecânica2,222.641654341
Comportamental1,268.641818563
Comportamental2,213.101978309
Intencional,172.862044244

