Nome,Idade,Grupo,Sexo,"Media Geral","Media Comportamental1 A1","Media Comportamental1 A2","Media Comportamental1 A3","Media Comportamental2 A1","Media Comportamental2 A2","Media Comportamental2 A3","Media Intencional A1","Media Intencional A2","Media Intencional A3","Media Mecânica1 A1","Media Mecânica1 A2","Media Mecânica1 A3","Media Mecânica2 A1","Media Mecânica2 A2","Media Mecânica2 A3"
"Felipe Moreno","7 Anos e 4 Meses",Pesquisa,Masculino,146.091687019,193.7438915,146.9153732,106.461571875,131.596458929,84.5128841379,98.0270545161,116.688003077,81.2841771053,136.575684694,120.909525769,184.446558,251.4182045,202.296205,240.303027826,96.1966851613
"Brenda","7 Anos",Controle,Feminino,188.76785491,146.594452051,137.964074583,370.399880741,123.613555294,125.247837037,159.31787697,99.5967357143,125.712577097,135.754190577,433.784772581,154.019188125,254.882375882,145.047146087,193.529941905,226.053219
